Player,Draft Pick,2023 Draft Team,2023 Showcase,2025 Roster / Appearance,Events/Records,Birthplace (2023 source)
A.J. Schugel,27.0,Karachi Monarchs,True,False,2,"Winter Haven, Florida, USA"
Aaron Singh,,,False,True,1,
Akeel Morris,31.0,Mumbai Cobras,True,True,3,"Saint Thomas, U.S. Virgin Islands"
Akeem Bostick,26.0,Mumbai Cobras,True,True,3,"Florence, South Carolina, USA"
Akshay More,,,False,True,1,
Alberto Mineo,55.0,Mid East/Abu Dhabi Falcons,False,False,1,
Aldrich De Jongh,70.0,Arabia/Dubai Wolves,False,False,1,
Alejandro de Aza,23.0,Mid East/Abu Dhabi Falcons,True,True,3,
Alex Dubord,73.0,Karachi Monarchs,False,True,2,
Alex Katz,47.0,Arabia/Dubai Wolves,False,True,2,
Alex Liddi,5.0,Mid East/Abu Dhabi Falcons,True,False,2,"Sanremo, Italy"
Andre Rienzo,14.0,Mid East/Abu Dhabi Falcons,True,False,2,"Sao Paulo, Brazil"
Andrelton Simmons,8.0,Mumbai Cobras,True,False,2,"Willemstad, Curaçao"
Angelo Cabral,,,False,True,1,
Austin Bernard,76.0,Mumbai Cobras,False,False,1,
Bartolo Colón,16.0,Karachi Monarchs,True,False,2,
Blake Purnell,,,False,True,1,
Brandon Kaminer,,,False,True,1,
Brandon Laird,40.0,Mumbai Cobras,True,False,2,"Cypress, California, USA"
Brantley Bell,44.0,Mumbai Cobras,True,True,3,"Pittsburgh, Pennsylvania, USA"
Brian Schlitter,38.0,Arabia/Dubai Wolves,True,False,2,"Oak Park, Illinois, USA"
Brock Bell,,,False,True,1,
Caleb McNeely,,,False,True,1,
Cameron Gann,67.0,Arabia/Dubai Wolves,False,False,1,
Carlos Garzón,63.0,Mumbai Cobras,True,True,3,
Carlos Martinez,52.0,Karachi Monarchs,True,False,2,"Cartagena, Colombia"
Chandler Woolridge,,,False,True,1,
Chase Gearing,,,False,True,1,
Christiaan Beyers,60.0,Arabia/Dubai Wolves,False,True,2,
Cito Culver,45.0,Mumbai Cobras,False,False,1,
Connor Panas,35.0,Arabia/Dubai Wolves,True,True,3,"Toronto, Canada"
Courtney Hawkins,15.0,Arabia/Dubai Wolves,True,False,2,"Corpus Christi, Texas, USA"
Dalton Combs,58.0,Mumbai Cobras,False,False,1,
David Huff,9.0,Karachi Monarchs,True,False,2,"Huntington Beach, California, USA"
David Mendham,,,False,True,1,
Denis Phipps,21.0,Karachi Monarchs,True,False,2,"San Pedro de Macoris, Dominican Republic"
Didi Gregorius,3.0,Arabia/Dubai Wolves,True,False,2,"Amsterdam, Netherlands"
Dillon Tatum,,,False,True,1,
Dillon Thomas,11.0,Mid East/Abu Dhabi Falcons,True,False,2,"Houston, Texas, USA"
Dominik Grzecicha,,,False,True,1,
Dovydas Neverauskas,28.0,Arabia/Dubai Wolves,True,False,2,"Vilnius, Lithuania"
Drew Ward,39.0,Karachi Monarchs,True,False,2,"Leedey, Oklahoma, USA"
Dwight Smith Jr.,17.0,Arabia/Dubai Wolves,True,False,2,"Peachtree City, Georgia, USA"
Dylan Spain,,,False,True,1,
Dylan Unsworth,41.0,Karachi Monarchs,False,True,2,
Elliot Good,,,False,True,1,
Enrique Burgos,54.0,Mumbai Cobras,False,True,2,
Eric Meza,,,False,True,1,
Ernest Ohandza,79.0,Arabia/Dubai Wolves,False,False,1,
Federico Celli,78.0,Mid East/Abu Dhabi Falcons,False,True,2,
Franklin Van Gurp,66.0,Karachi Monarchs,False,False,1,
Franklin van Gurp,,,False,True,1,
Gabriel Guerrero,18.0,Mid East/Abu Dhabi Falcons,True,False,2,"Nizao, Dominican Republic"
Gedionne Marlin,,,False,True,1,
Gillian Wernet,,,False,True,1,
Gregori Cano,,,False,True,1,
Haru Yoshioka,,,False,True,1,
Hector Sanchez,30.0,Karachi Monarchs,True,False,2,"Maracay, Venezuela"
Henderson Pérez,,,False,True,1,
Hernan Perez,42.0,Arabia/Dubai Wolves,False,False,1,
Hiroyuki Nakajima,,,False,True,1,
Hubert Zgórzyński,,,False,True,1,
Ian Mercado,,,False,True,1,
Isaac Milburn,,,False,True,1,
Isaac Núñez,,,False,True,1,
J.D. Hammer,32.0,Mid East/Abu Dhabi Falcons,True,False,2,"Fort Collins, Colorado, USA"
Jacinto Cipriota,,,False,True,1,
Jacob Hasty,,,False,True,1,
Jacob Robson,22.0,Mumbai Cobras,True,False,2,"London, Ontario, Canada"
Jacob Teter,,,False,True,1,
Jair Jurrjens,10.0,Arabia/Dubai Wolves,True,False,2,"Santa Maria, Curaçao"
Jake Hjelle,,,False,True,1,
Jake Pérez,,,False,True,1,
Jalen Garcia,71.0,Karachi Monarchs,False,False,1,
Jason Dicochea,59.0,Karachi Monarchs,False,False,1,
Jefry Marte,20.0,Karachi Monarchs,True,False,2,"La Romana, Dominican Republic"
Jhoan Urena,46.0,Mid East/Abu Dhabi Falcons,False,False,1,
Joe Pence,,,False,True,1,
Juremi Profar,48.0,Karachi Monarchs,False,True,2,
Justin Williams,13.0,Mumbai Cobras,True,True,3,"Houma, Louisiana, USA"
Justin Wylie,72.0,Mumbai Cobras,False,False,1,
Karan Patel,1.0,Mumbai Cobras,True,True,3,"Houston, Texas, USA"
Karim Ayubi,,,False,True,1,
Kazuki Yabuta,,,False,True,1,
Kodai Hamaya,,,False,True,1,
Kolby Kiser,,,False,True,1,
Konsta Kurikka,25.0,Mid East/Abu Dhabi Falcons,True,True,3,"Mikkeli, Finland"
Kristian Scott,,,False,True,1,
Kyeong-chun Chae,,,False,True,1,
L.P. Pelletier,56.0,Arabia/Dubai Wolves,False,False,1,
Leo Backstrom,64.0,Mid East/Abu Dhabi Falcons,False,False,1,
Lord Aragorn De Vera,,,False,True,1,
Lou Helmig,,,False,True,1,
Luke Westphal,69.0,Mid East/Abu Dhabi Falcons,False,False,1,
Mahki Backstrom,,,False,True,1,
Manato Tanai,,,False,True,1,
Manuel Ascanio,,,False,True,1,
Mark Simon,,,False,True,1,
Matt Soren,75.0,Mid East/Abu Dhabi Falcons,False,False,1,
Max Jung-Goldberg,,,False,True,1,
Michael Robles,,,False,True,1,
Miguel Ojeda Jr,,,False,True,1,
Mitch Lively,43.0,Mid East/Abu Dhabi Falcons,True,False,2,"Susanville, California, USA"
Mitch Piatnik,57.0,Mid East/Abu Dhabi Falcons,False,False,1,
Muhammad Hussain,,,False,True,1,
Muhammad Zohaib,,,False,True,1,
Munenori Kawasaki,,,False,True,1,
Musharaf Khan,,,False,True,1,
Nico Tellache,77.0,Mumbai Cobras,False,False,1,
Noah Marcelo,,,False,True,1,
Nyan Hernández,,,False,True,1,
Pablo Sandoval,4.0,Mid East/Abu Dhabi Falcons,True,False,2,"Puerto Cabello, Venezuela"
Pavin Parks,62.0,Karachi Monarchs,False,True,2,
Pedro Figueras,,,False,True,1,
Phil Ervin,7.0,Karachi Monarchs,True,False,2,"Mobile, Alabama, USA"
Pierce Khan,,,False,True,1,
Quincy Latimore,53.0,Karachi Monarchs,False,False,1,
Quinn Waterhouse,,,False,True,1,
Raul Shah,65.0,Mumbai Cobras,False,True,2,
Reese Miller,,,False,True,1,
Reggie McClain,29.0,Arabia/Dubai Wolves,True,False,2,"Duluth, Georgia, USA"
Rickardo Pérez,,,False,True,1,
Robbie Ross,12.0,Mumbai Cobras,True,False,2,"Lexington, Kentucky, USA"
Robinson Canó,6.0,Arabia/Dubai Wolves,True,False,2,
Rudy Martin,49.0,Arabia/Dubai Wolves,False,False,1,
Rusney Castillo,37.0,Mid East/Abu Dhabi Falcons,True,False,2,"Ciego de Avila, Cuba"
Sam Abbott,50.0,Mid East/Abu Dhabi Falcons,False,False,1,
Saurabh Gaikwad,,,False,True,1,
Scott Ellis,,,False,True,1,
Sean Fekete,,,False,True,1,
Severino Gonzalez,36.0,Mid East/Abu Dhabi Falcons,True,False,2,"Santiago, Panama"
Severino González,,,False,True,1,
Shed Long,19.0,Mumbai Cobras,True,False,2,"Birmingham, Alabama, USA"
Shingo Hirata,34.0,Karachi Monarchs,True,True,3,"Shimonoseki, Japan"
Shotaro Kasahara,,,False,True,1,
Shotaro Nakata,,,False,True,1,
Shotaro Usui,,,False,True,1,
Shuhei Fukuda,,,False,True,1,
Shungo Fukunaga,68.0,Mid East/Abu Dhabi Falcons,False,False,1,
Shuto Sakurai,,,False,True,1,
Steven Moya,2.0,Karachi Monarchs,True,False,2,"Rio Piedras, Puerto Rico"
Steven Mufareh,,,False,True,1,
Taylor Darden,,,False,True,1,
Tiago Da Silva,33.0,Mumbai Cobras,True,False,2,"Sao Paulo, Brazil"
Todd Van Steensel,61.0,Arabia/Dubai Wolves,False,False,1,
Tucker Smith,80.0,Karachi Monarchs,False,False,1,
Tushar Jai Lalwani,,,False,True,1,
Victor Vahlberg,,,False,True,1,
Vincent Ahrens,74.0,Arabia/Dubai Wolves,False,True,2,
Wilin Rosario,24.0,Arabia/Dubai Wolves,True,False,2,"Bonao, Dominican Republic"
Wilton Castillo,,,False,True,1,
Yo Kanahara,,,False,True,1,
Yudai Mizushina,,,False,True,1,
Yunis Halim,,,False,True,1,
Zac Rosscup,51.0,Mumbai Cobras,False,False,1,
